{
    "namespace": "default",
    "includeValues": true,
    "includeMetadata": true,
    "topK": 10,
    "vector": [
        0.0032283200416713953,
        0.053347643464803696,
        0.038803521543741226,
        -0.01333958562463522,
        -0.004685746971517801,
        0.03997515141963959,
        0.07330415397882462,
        -0.04283841699361801,
        -0.02957770600914955,
        0.02941788360476494,
        0.06213310733437538,
        0.005723460111767054,
        0.0207823496311903,
        -0.08098988980054855,
        -0.015587574802339077,
        -0.012732519768178463,
        -0.024745779111981392,
        -0.06785569339990616,
        -0.06616047769784927,
        -0.09106431156396866,
        -0.040368665009737015,
        0.05140489712357521,
        0.012028435245156288,
        0.07771860063076019,
        -0.054530732333660126,
        0.09810404479503632,
        -0.06691862642765045,
        0.040933966636657715,
        -0.0574578195810318,
        -0.04349973425269127,
        0.10070421546697617,
        0.0294228196144104,
        0.01966332085430622,
        0.007258415222167969,
        -0.03145713359117508,
        0.08978383988142014,
        0.07075600326061249,
        0.01957249641418457,
        0.03882104530930519,
        -0.05330276861786842,
        0.004512133076786995,
        -0.12941262125968933,
        -0.026278212666511536,
        -0.06507021188735962,
        0.0439462885260582,
        0.043519023805856705,
        0.04700922220945358,
        0.010229661129415035,
        0.055680010467767715,
        0.05783414468169212,
        -0.0038941185921430588,
        -0.004059887491166592,
        -0.10880940407514572,
        0.029739972203969955,
        0.03811262920498848,
        -0.08692002296447754,
        0.027042152360081673,
        0.013564088381826878,
        0.03987044841051102,
        -0.027825433760881424,
        0.015531802549958229,
        0.0014389174757525325,
        -0.004645301960408688,
        0.009897514246404171,
        0.03404378145933151,
        -0.03403724357485771,
        0.09586679935455322,
        0.04974667727947235,
        -0.09108682721853256,
        -0.05325855314731598,
        0.024509716778993607,
        0.04212469607591629,
        0.014945686794817448,
        -0.0037675569765269756,
        0.024681568145751953,
        -0.00620659114792943,
        0.07974264770746231,
        0.06878021359443665,
        0.13874846696853638,
        -0.05603008717298508,
        0.06539958715438843,
        -0.018261443823575974,
        -0.04333152249455452,
        -0.03723815083503723,
        0.027555417269468307,
        -0.07780585438013077,
        0.02452876977622509,
        0.007510195020586252,
        -0.010306738317012787,
        0.016753438860177994,
        -0.06586956977844238,
        -0.057468343526124954,
        0.009046853519976139,
        0.026448829099535942,
        -0.01982617750763893,
        0.00017962788115255535,
        0.07863763719797134,
        -0.0034722555428743362,
        -0.050599489361047745,
        0.14342637360095978,
        0.02316170744597912,
        -0.03930993750691414,
        -0.10777904838323593,
        -0.0708150714635849,
        0.010971602983772755,
        -0.02757875993847847,
        -0.04408789426088333,
        0.014513161964714527,
        -0.04960637912154198,
        -0.02104693278670311,
        -0.017764423042535782,
        -0.008056611754000187,
        0.035012137144804,
        0.027794307097792625,
        0.033109989017248154,
        -0.017783617600798607,
        0.03247930854558945,
        -0.08283883333206177,
        -0.03143249824643135,
        0.0797564685344696,
        -0.03494684025645256,
        -0.020825151354074478,
        -0.08226759731769562,
        0.0785331055521965,
        -0.100197434425354,
        -0.10036927461624146,
        -0.05209075286984444,
        -3.4940853261322464e-33,
        0.004374952986836433,
        -0.14238911867141724,
        -0.029660046100616455,
        0.0841609537601471,
        -0.10223914682865143,
        -0.01262719091027975,
        -0.025758303701877594,
        0.017845870926976204,
        -0.04630747437477112,
        -0.023512396961450577,
        0.009965825825929642,
        -0.05539631471037865,
        -0.005540590267628431,
        0.03325312212109566,
        0.09043967723846436,
        -0.00949996430426836,
        -0.13031165301799774,
        0.1312485635280609,
        0.003806457854807377,
        -0.04050839692354202,
        -0.03817974403500557,
        -0.0005031002801842988,
        -0.005336811300367117,
        0.035689420998096466,
        0.03738837689161301,
        0.027116907760500908,
        -0.046359241008758545,
        -0.09371021389961243,
        0.040045782923698425,
        0.02543656900525093,
        0.03280937671661377,
        0.06996182352304459,
        0.013858423568308353,
        -0.051726311445236206,
        -0.059268638491630554,
        0.004652342293411493,
        -0.005448195617645979,
        -0.04683531075716019,
        -0.029159994795918465,
        0.037975993007421494,
        -0.03407497704029083,
        0.047754768282175064,
        -0.018040724098682404,
        0.016571205109357834,
        0.10873068124055862,
        0.007668135687708855,
        0.04038241133093834,
        -0.01477135345339775,
        -0.12042104452848434,
        -0.04901697486639023,
        0.00394348194822669,
        -0.004781969822943211,
        -0.07079208642244339,
        -0.029568899422883987,
        0.005892541725188494,
        0.03301400691270828,
        0.01610737480223179,
        -0.034450799226760864,
        -0.05695493146777153,
        -0.015372391790151596,
        0.026330668479204178,
        0.03213648870587349,
        0.030454786494374275,
        -0.012895791791379452,
        -0.06455619633197784,
        -0.04119334742426872,
        -0.013297997415065765,
        -0.0036906548775732517,
        -0.015917599201202393,
        -0.06005159765481949,
        -0.0675494447350502,
        -0.01598742976784706,
        0.06480427086353302,
        -0.04814384877681732,
        -0.02750139869749546,
        0.024129172787070274,
        0.03692363202571869,
        -0.022547855973243713,
        -0.06819852441549301,
        -0.0236508846282959,
        -0.010857081972062588,
        0.002869570627808571,
        0.04671642556786537,
        0.0063107870519161224,
        0.0387449711561203,
        0.03824976086616516,
        -0.02220998890697956,
        -0.10435304045677185,
        -0.08571338653564453,
        0.007134824525564909,
        -0.10223450511693954,
        -0.00568263279274106,
        0.0042212242260575294,
        -0.07795782387256622,
        0.05679161101579666,
        7.325706049085939e-34,
        -0.1065947562456131,
        0.06172705069184303,
        0.026011282578110695,
        -0.04622407257556915,
        0.06439576297998428,
        0.019733449444174767,
        0.03509064391255379,
        0.03937167301774025,
        -0.03200172632932663,
        0.04442465677857399,
        -0.050281427800655365,
        -0.008450742810964584,
        0.06011434271931648,
        0.048533182591199875,
        -0.04112681746482849,
        -0.05714196339249611,
        0.06621453166007996,
        -0.028217561542987823,
        -0.0015962927136570215,
        0.01969798654317856,
        0.01071956753730774,
        0.01557458657771349,
        0.032345000654459,
        0.016550350934267044,
        -0.031423505395650864,
        0.03607698157429695,
        0.021448640152812004,
        -0.007992960512638092,
        -0.02003716677427292,
        -0.01521536335349083,
        0.08298756182193756,
        -0.04895632341504097,
        -0.06456080079078674,
        0.049966584891080856,
        0.046559080481529236,
        0.07685961574316025,
        0.0968727320432663,
        -0.07284660637378693,
        -0.02047535590827465,
